{
    "paths": [
        {
            "name": "/items",
            "lambdaFunction": "itemsLambda",
            "privacy": {
                "open": true
            },
            "policyResourceName": "/items"
        }
    ],
    "resourceName": "itemApi",
    "apiName": "itemApi",
    "functionArns": [
        {
            "lambdaFunction": "itemsLambda"
        }
    ],
    "privacy": {
        "auth": 0,
        "unauth": 0,
        "authRoleName": "amplify-moviestar-staging-105428-authRole",
        "unAuthRoleName": "amplify-moviestar-staging-105428-unauthRole"
    },
    "dependsOn": [
        {
            "category": "function",
            "resourceName": "itemsLambda",
            "attributes": [
                "Name",
                "Arn"
            ]
        }
    ]
}