{
  "providers": {
    "awscloudformation": {
      "AuthRoleName": "amplify-moviestar-staging-105428-authRole",
      "UnauthRoleArn": "arn:aws:iam::605030877611:role/amplify-moviestar-staging-105428-unauthRole",
      "AuthRoleArn": "arn:aws:iam::605030877611:role/amplify-moviestar-staging-105428-authRole",
      "Region": "us-east-2",
      "DeploymentBucketName": "amplify-moviestar-staging-105428-deployment",
      "UnauthRoleName": "amplify-moviestar-staging-105428-unauthRole",
      "StackName": "amplify-moviestar-staging-105428",
      "StackId": "arn:aws:cloudformation:us-east-2:605030877611:stack/amplify-moviestar-staging-105428/8b6d6e60-54c4-11eb-8e8a-02d9600aa3f6",
      "AmplifyAppId": "d1777ooy9slybf"
    }
  },
  "storage": {
    "items": {
      "service": "DynamoDB",
      "providerPlugin": "awscloudformation",
      "providerMetadata": {
        "s3TemplateURL": "https://s3.amazonaws.com/amplify-moviestar-staging-105428-deployment/amplify-cfn-templates/storage/items-cloudformation-template.json",
        "logicalId": "storageitems"
      },
      "lastPushTimeStamp": "2021-01-12T11:44:33.534Z",
      "output": {
        "PartitionKeyName": "item",
        "Region": "us-east-2",
        "Arn": "arn:aws:dynamodb:us-east-2:605030877611:table/items-staging",
        "StreamArn": "arn:aws:dynamodb:us-east-2:605030877611:table/items-staging/stream/2021-01-12T11:42:08.611",
        "PartitionKeyType": "S",
        "Name": "items-staging"
      },
      "lastPushDirHash": "n9u+i9SaBqiS7NQG1aaCLgPXT7E="
    }
  },
  "function": {
    "itemsLambda": {
      "build": true,
      "providerPlugin": "awscloudformation",
      "service": "Lambda",
      "dependsOn": [
        {
          "category": "storage",
          "resourceName": "items",
          "attributes": [
            "Name",
            "Arn"
          ],
          "attributeEnvMap": {
            "Name": "TABLE_NAME",
            "Arn": "TABLE_ARN"
          }
        }
      ],
      "lastBuildTimeStamp": "2021-01-12T11:41:35.809Z",
      "lastPackageTimeStamp": "2021-01-12T11:41:48.725Z",
      "distZipFilename": "itemsLambda-7a7550504c5553452b69-build.zip",
      "providerMetadata": {
        "s3TemplateURL": "https://s3.amazonaws.com/amplify-moviestar-staging-105428-deployment/amplify-cfn-templates/function/itemsLambda-cloudformation-template.json",
        "logicalId": "functionitemsLambda"
      },
      "lastPushTimeStamp": "2021-01-12T11:44:33.534Z",
      "output": {
        "Region": "us-east-2",
        "Arn": "arn:aws:lambda:us-east-2:605030877611:function:itemsLambda-staging",
        "Name": "itemsLambda-staging",
        "LambdaExecutionRole": "moviestarLambdaRolecddca0a2-staging"
      },
      "lastPushDirHash": "g0CwDud6MF+dyGg4K8rEK10qgfU="
    }
  },
  "api": {
    "itemApi": {
      "service": "API Gateway",
      "providerPlugin": "awscloudformation",
      "dependsOn": [
        {
          "category": "function",
          "resourceName": "itemsLambda",
          "attributes": [
            "Name",
            "Arn"
          ]
        }
      ],
      "providerMetadata": {
        "s3TemplateURL": "https://s3.amazonaws.com/amplify-moviestar-staging-105428-deployment/amplify-cfn-templates/api/itemApi-cloudformation-template.json",
        "logicalId": "apiitemApi"
      },
      "lastPushTimeStamp": "2021-01-12T11:44:33.534Z",
      "output": {
        "ApiName": "itemApi",
        "RootUrl": "https://xbtxlf9shg.execute-api.us-east-2.amazonaws.com/staging",
        "ApiId": "xbtxlf9shg"
      },
      "lastPushDirHash": "yuLbc8rgZl68TACN2L0VVhpIsik="
    }
  }
}